PMC10248914	CC BY-NC-ND
PMC10405341	CC BY-NC-ND
PMC10411098	CC BY-NC-ND
PMC10661754	CC BY-NC-ND
PMC10707349	CC BY
PMC10879061	CC BY
PMC10889463	CC BY
PMC10989319	CC BY
PMC11084888	CC BY
PMC11148759	CC BY-NC-ND
PMC11148763	CC BY-NC-ND
PMC11184518	CC BY-NC-ND
PMC11291665	CC BY-NC-ND
PMC11294798	CC BY-NC
PMC11363664	CC BY
PMC11496183	CC BY
PMC11519014	CC BY-NC-ND
PMC11543525	CC BY
PMC11546103	CC BY
PMC11565346	CC BY-NC-ND
PMC11619196	CC BY-NC
PMC11681344	CC BY-NC-ND
PMC11729723	CC BY
PMC11742136	CC BY-NC
PMC11893588	CC BY
PMC11925351	CC BY
PMC11997802	CC BY
PMC12013771	CC BY-NC-ND
PMC12177755	CC BY-NC-ND
PMC12177761	CC BY-NC-ND
PMC12177762	CC BY-NC-ND
PMC12295515	CC BY
PMC12349921	CC BY
PMC12398630	CC BY-NC
PMC12441352	CC BY-NC-ND
PMC12529675	CC BY
PMC12535169	CC BY
PMC12569147	CC BY
PMC12577811	CC BY
PMC12683039	CC BY
PMC12683065	CC BY
PMC12712161	CC BY
PMC12777574	CC BY
PMC12833349	CC BY
PMC12942088	CC BY
PMC12942395	CC BY
PMC13059857	CC BY-NC-ND
PMC13065456	CC BY-NC-ND
PMC13200289	CC BY-NC-ND
PMC13208154	CC BY
PMC13208599	CC BY
PMC13245353	CC BY
PMC13262695	CC BY-NC-ND
PMC5434633	CC BY
PMC5848807	CC BY-NC
PMC6509756	CC BY
PMC7918393	CC BY
PMC8010499	CC BY-NC
PMC8024826	CC BY-NC-ND
PMC8915936	CC BY-NC-ND
PMC9346377	CC BY-NC
PMC9357952	CC BY-NC-ND
PMC9713646	CC BY
