PMC11148759	CC BY-NC-ND
PMC12712161	CC BY
PMC13208154	CC BY
PMC11084888	CC BY
PMC10889463	CC BY
PMC11619196	CC BY-NC
PMC11294798	CC BY-NC
PMC11565346	CC BY-NC-ND
PMC11681344	CC BY-NC-ND
PMC13059857	CC BY-NC-ND
PMC11925351	CC BY
PMC10989319	CC BY
PMC7918393	CC BY
PMC10879061	CC BY
PMC9713646	CC BY
PMC8010499	CC BY-NC
PMC6509756	CC BY
PMC5434633	CC BY
PMC11729723	CC BY
PMC11543525	CC BY
PMC11291665	CC BY-NC-ND
PMC13208599	CC BY
PMC12577811	CC BY
PMC5848807	CC BY-NC
PMC13245353	CC BY
PMC13065456	CC BY-NC-ND
PMC12349921	CC BY
PMC11742136	CC BY-NC
PMC9346377	CC BY-NC
PMC10411098	CC BY-NC-ND
PMC10248914	CC BY-NC-ND
PMC11148763	CC BY-NC-ND
PMC10661754	CC BY-NC-ND
PMC8024826	CC BY-NC-ND
