ref_no,authors_short,title,journal,year,volume,issue,pages,doi,pmid,pmcid,oa_status,license,role_in_project,fulltext_obtained
1,Carpentier A,Cardiac valve surgery—the “French correction”,J Thorac Cardiovasc Surg,1983,86,3,323-337,10.1016/s0022-5223(19)39144-5,6887954,,closed,-,僧帽弁機能分類の原典（歴史章）,no（歴史記述は二次資料で代替）
2,Sarsam MA / Yacoub M,Remodeling of the aortic valve anulus,J Thorac Cardiovasc Surg,1993,105,3,435-438,10.1016/s0022-5223(19)34225-4,8445922,,closed,-,Yacoub remodelling原典,no（二次資料de Paulis 2025で代替）
3,David TE / Feindel CM,An aortic valve-sparing operation for patients with aortic incompetence and aneurysm of the ascending aorta,J Thorac Cardiovasc Surg,1992,103,4,617-621（disc 622）,10.1016/s0022-5223(19)34942-6,1532219,,closed,-,David reimplantation原典,no（二次資料で代替）
4,El-Hamamsy I et al,"The Ross procedure: clinical relevance, guidelines recognition, and centers of excellence",J Am Coll Cardiol,2022,79,10,1006-1009,10.1016/j.jacc.2022.01.006,35272795,,closed,-,Ross復権のeditorial,abstract
5,Sarikouch S et al,20-Year experience with decellularized pulmonary homografts for pulmonary valve replacement,Eur J Cardiothorac Surg,2026,68,2,ezag087,10.1093/ejcts/ezag087,41652890,PMC13017825,OA,cc-by-nc,第6章の中核（living valve最長追跡）,fulltext
6,Horke A et al,"Five-year results from a prospective, single-arm European trial on decellularized allografts for aortic valve replacement—ARISE study and registry",Eur J Cardiothorac Surg,2024,65,4,ezae121,10.1093/ejcts/ezae121,38532304,PMC11009017,OA,cc-by,脱細胞化大動脈弁の前向き試験,fulltext
7,"Modi P, Hassan A, Chitwood WR Jr",Minimally invasive mitral valve surgery: a systematic review and meta-analysis,Eur J Cardiothorac Surg,2008,34,5,943-952,10.1016/j.ejcts.2008.07.057,18829343,,closed,-,MIMVSの根拠（2008＝古い→P2で更新）,abstract
8,Mihaljevic T et al,Robotic repair of posterior mitral valve prolapse versus conventional approaches: potential realized,J Thorac Cardiovasc Surg,2011,141,1,72-80.e1-4,10.1016/j.jtcvs.2010.09.008,21093881,,free-to-read,-,ロボット僧帽弁（2011＝古い→P2で更新）,abstract
9,Heinisch PP et al,Vertical right axillary mini-thoracotomy for correction of ventricular septal defects and complete atrioventricular septal defects,Ann Thorac Surg,2018,106,4,1220-1227,10.1016/j.athoracsur.2018.05.003,29859151,,free-to-read,-,小児低侵襲,abstract
10,Dodge-Khatami A et al,Over 3,000 minimally invasive thoracotomies from the ECHSA for quality repairs of the most common congenital heart defects,World J Pediatr Congenit Heart Surg,2025,16,5,578-584,10.1177/21501351251322155,40130503,PMC12369979,OA,cc-by,小児低侵襲・大規模,fulltext
11,Wilbring M et al,The transaxillary concept for minimally invasive isolated aortic valve replacement: results of 1000 consecutive patients,Eur J Cardiothorac Surg,2024,66,6,ezae427,10.1093/ejcts/ezae427,39602603,,closed,-,第2章 経腋窩AVR,fulltext（Playwright）
12,"Arabkhani B, Klautz RJM, de Heer F et al",A multicentre propensity score matched analysis comparing a valve-sparing approach to valve replacement in aortic root aneurysm: insight from the AVIATOR database,Eur J Cardiothorac Surg,2023,63,2,ezac514,10.1093/ejcts/ezac514,36308450,PMC9942544,OA,cc-by-nc,第3章 VSARR中核比較,fulltext
13,De Paulis R et al,The Valsalva graft in aortic valve repair and replacement,Multimed Man Cardiothorac Surg,2005,2005,1129,mmcts.2004.000992,10.1510/mmcts.2004.000992,,,closed,-,器具①（Valsalva graft）,no（後継のezag081/ezac591で代替）
14,"Schäfers HJ, Bierbach B, Aicher D",A new approach to the assessment of aortic cusp geometry,J Thorac Cardiovasc Surg,2006,132,2,436-438,10.1016/j.jtcvs.2006.04.032,16872982,,free-to-read,-,器具②（geometric caliper）,abstract
15,Lansac E et al,An aortic ring: from physiologic reconstruction of the root to a standardized approach for aortic valve repair,J Thorac Cardiovasc Surg,2010,140,6 Suppl,S28-S35（disc S45-51）,10.1016/j.jtcvs.2010.08.004,21092793,,free-to-read,-,器具③（外部リング）→CAVIAAR/RCTへ,abstract
16,El Khoury G et al,Functional classification of aortic root/valve abnormalities and their correlation with etiologies and surgical procedures,Curr Opin Cardiol,2005,20,2,115-121,10.1097/01.hco.0000153951.31887.a6,15711197,,closed,-,AV機能分類の原典,abstract
17,"Arabkhani B, Sandker SC, Braun J et al",Aortic valve visualization and pressurization device: a novel device for intraoperative evaluation of aortic valve repair procedures,Eur J Cardiothorac Surg,2023,64,5,ezad291,10.1093/ejcts/ezad291,37610333,PMC10903180,OA,cc-by,器具④（責任著者自身のdevice＝COI注記）,fulltext
18,Rankin JS,An intra-annular ‘hemispherical’ annuloplasty frame for aortic valve repair,J Heart Valve Dis,19,,1,97-103,,20329495,,closed（誌廃刊）,-,HAART原典（→Yokoyama 2026と対決）,abstract（誌廃刊・DOI無し）
19,"De Paulis R, Chirichilli I, de Kerchove L et al",Current status of aortic valve repair surgery,Eur Heart J,2025,46,15,1394-1411,10.1093/eurheartj/ehaf038,39950993,,closed,-,第3・4章の土台（最重要二次資料）,fulltext（Playwright）
20,Sarikouch S et al,Decellularized fresh homografts for pulmonary valve replacement: a decade of clinical experience,Eur J Cardiothorac Surg,2016,50,2,281-290,10.1093/ejcts/ezw050,27013071,PMC4951634,OA,-,脱細胞化10年,fulltext
21,Morales DL et al,A novel restorative pulmonary valve conduit: early outcomes of two clinical trials,Front Cardiovasc Med,2020,7,,583360,10.3389/fcvm.2020.583360,33748192,PMC7969645,OA,cc-by,生分解性conduit（Xeltis）,fulltext
22,"Kasahara S, Yoshimura Y, Ichikawa H et al",Early clinical results for a new self-organizing hybrid fabric in congenital cardiac surgery,Ann Thorac Surg Short Rep,2024,2,4,804-809,10.1016/j.atssr.2024.04.020,39790580,PMC11708634,OA,-,日本発（笠原・自己組織化ハイブリッド生地）,fulltext
23,"George I, Rao DP, Jain A et al",1-Year results from a multicenter trial of a polymer surgical mitral valve: insights into new technology,J Am Coll Cardiol,2025,86,7,515-526,10.1016/j.jacc.2025.06.017,40589299,,closed,-,第7章 ポリマー弁FIH,abstract＋二次報道
24,"Baird CW, Cooney B, Chavez M, Sleeper LA, Marx GR, Del Nido PJ",Congenital aortic and truncal valve reconstruction using the Ozaki technique: short-term clinical results,J Thorac Cardiovasc Surg,2021,161,5,1567-1577,10.1016/j.jtcvs.2020.01.087,33612305,,free-to-read,-,第8章 Ozaki（小児）,fulltext
25,"Karamlou T, Pettersson G, Nigro JJ",Commentary: a pediatric perspective on the Ozaki procedure,J Thorac Cardiovasc Surg,2021,161,5,1582-1583,10.1016/j.jtcvs.2020.02.128,32448681,,free-to-read,-,Ozaki論評（欧米の評価）,fulltext
