technology,chapter,E_stage,best_evidence,key_numbers,barrier_to_adoption,japan_availability,counter_evidence_searched,counter_evidence_found,primary_doi
機械弁（bileaflet）,1・9,E5,標準治療として定着・多数のRCT/レジストリ,"SWEDEHEART 3,047例：On-X vs 他機械弁で8年 大出血7.2% vs 7.0%・血栓塞栓7.3% vs 6.4%＝差なし。日本519例30年：INR 1.6-2.5で心臓死回避 20年93.6%/30年85.2%",なし（普及済み）,○ 保険適用,あり,"低INR化・DOAC化はいずれも失敗：PROACT Xa（863例）はアピキサバン群の血栓塞栓過多で**試験中止**（4.2 vs 1.3%/患者年）。PROACT Mitral（401例）は低用量ワルファリンの非劣性を**達成できず**",10.1093/icvts/ivaf182
stented生体弁,1・9,E5,標準治療として定着,日本2020：大動脈位の生体弁使用率87.9%（2000年代初頭は約30%）,なし,○ 保険適用,あり,"Trifecta：Michigan 508例で7年SVD累積13.3%（非Trifecta 4.6%, P=0.010）、65歳以下では27.9% vs 6.9%。Mitroflow：デンマーク全国1,552例で9年 再手術/重症SVD累積 19mm 12.5%・21mm 7.6%。「未検出の重症SVDは手術されたSVDと同数」",10.1016/j.athoracsur.2019.06.032
上部部分胸骨切開AVR,2,E4,Cochrane 2023（14 RCT/1,395例）,死亡RR 0.93（0.45-1.94, 確実性low）・CPB +10.6分・遮断+6.1分（いずれも確実性very low）・術後出血 −153mL（moderate）・疼痛スコア差なし・QOL差なし・英NHSでは初回入院費 +£1,190,学習曲線20-30例,○ 保険適用,あり,"Cochrane著者結論：『広範な採用を推奨する前に、適切に検出力を持つRCTが必要』。死亡・疼痛・QOLでは利益が示せていない",10.1002/14651858.CD011793.pub3
MIMVS（右小開胸）,2,E4,RCTのみのメタ解析（Open Heart 2026, 8 RCT/1,248例）,死亡・AKI差なし／再開胸止血RR 0.24・在院−1.83日・創感染RR 0.47（0.22-1.00, 傾向）,学習曲線 修復39例・置換78例（平均）,○ 保険適用（胸腔鏡下弁形成術）,あり,"MMIR 6,878例：遮断時間が死亡・LCOS・AKIと有意相関（P<0.001）。遮断が伸びる症例では低侵襲の利益が消える",10.1136/openhrt-2025-003612
ロボット僧帽弁形成,2,E4,大規模単施設長期＋全米コスト解析,"Cedars-Sinai 1,410例：修復率99.5%・死亡0.3%・5年MR回避95%・**学習曲線の頂点は94例目**。全米40,738例：ロボットは9.8%・risk-adjusted費用 +$10,500（高volume施設では差消失）",94例の壁・費用・施設集約,○ 保険適用（K554-2 ロボット支援）。JCVSD 2022 MICS MV修復2,525例で30日死亡0.3%,あり,"10年 >2+MR/再介入回避は前尖/両尖病変で83%（後尖92%, HR 3.0）＝『どの病変でも修復できる』わけではない",10.1016/j.jtcvs.2025.01.021
経腋窩AVR,2,E2,単施設1,000例＋PSM 454 vs 454,遮断43±14分・院内死亡0.9%・脳卒中0.9%・conversion 1.9%・OR再搬入7.5%・創治癒不良4.2%（71.4%が大腿部）,単施設由来・rapid deployment弁への依存（81.1%）,△ 経腋窩自体は術式選択の問題。rapid deployment弁は使用可,あり,"①新規ペースメーカ率が1,000例の報告に記載されていない、②Kowalówka 2026 systematic review（15,328例）では経腋窩の脳卒中率2.0-6.3%と報告、③STS/EuroSCORE IIが院内死亡を予測できない集団",10.1093/ejcts/ezae427
ロボットAVR（RAVR）,2,E2,4施設212例（うち85%が単施設）,CPB 166分・遮断117分・conversion 0%・新規PPM 2.8%・脳卒中0.9%・死亡0.9%・基部拡大10.8%・在院5日,対照群なし・遮断時間が通常SAVRの約2倍・訓練経路（ロボットMV 50例 or 開心AVR 250例が前提）,○ **2024年度診療報酬改定でロボット支援下弁置換術（1弁/2弁）が保険適用**,あり,"著者自身が『SAVRとの直接比較を設計していない』と明記。誌面区分は Invited Expert Opinion。全世界212例（2024年時点）",10.1016/j.jtcvs.2024.01.020
小児の低侵襲開胸,2,E3,ECHSA 11施設3,007例,死亡0%・conversion 0%・創感染0.59%・PPM 0.23%・横隔神経0.26%・再手術0.73%,病変の限定（ASD/VSD/AVSD/PAPVR/TAPVR等）,△ 実施施設限定,あり,見つからなかった（否定的報告なし。ただし選択された施設のpooled dataであることは限界）,10.1177/21501351251322155
VSARR（reimplantation/David）,3,E4,2025 ESC/EACTS **Class I Level B**＋メタ7,878例,10年生存85-92%・再手術回避 12年90%/15年96%/20年88%。reimplantation単独メタ（44研究7,878例）10年 再手術回避91%。Marfan/LDS 188例 10年 AV再手術回避 MFS 94%/LDS 87%,"**年12例/年の施設閾値（Govers 2,668例/37施設）**・学習曲線",○ 保険適用。ただし日本の大動脈弁形成は年173例（全AV手術の1.6%）,あり,"①AVIATOR PSMの5年生存差10%は追跡4年での残余交絡を疑うべき（再介入は同等 P=0.98）、②Ehrlich 1,156例：61歳超では15年生存55.3%（61歳未満87.1%）＝高齢では自己弁温存の利益が消える、③**AVr/VSARRと弁置換のRCTは存在しない**（EHJが明記）",10.1093/ejcts/ezag177
VSARR（remodelling/Yacoub）,3,E4,Sá 2024 メタ（15研究3,044例）,remodelling群は全死亡HR 1.54（1.16-2.03）・再介入HR 1.49（1.07-2.07）。ただし生存差は4年以内に限局（4年以降HR 1.04）,同上,○,あり,"reimplantationに劣後。ただしSchäfers群の1,156例（remodelling）では15年 弁関連合併症回避66.8%と良好＝術者効果が交絡",10.1016/j.athoracsur.2023.08.018
外部リング弁輪形成（Extra-Aortic/Lansac）,3・4,E3,CAVIAAR 多施設前向きコホート261例,4年複合HR 0.66（0.39-1.12, 非有意）／弁関連死 HR 0.09（0.02-0.34）・大出血 HR 0.37（0.16-0.85）・弁関連再手術 HR 2.10（0.64-6.96, 非有意）,外部剥離が必要,△ リング製品は国内未承認（Teflon feltや自作リングでの代替が実際）,あり,"主要複合エンドポイントは有意差なし。再手術は数値上2倍（信頼区間は跨ぐ）。追跡4年",10.1093/ejcts/ezac283
内側幾何学的リング（HAART）,4,E2,規制試験65例＋47例＋単施設43例＋Michigan 18例,"Mazzitelli 65例：3年でAVR要 7例（10.8%）。Rankin 47例：2年 合併症/弁置換なし生存94%。Papakonstantinou 43例：平均2.7年で リング関連再手術2例（4.7%）。**Yokoyama/Fukuhara 18例：平均3.7年で7例(44%)が再介入、5年推定再介入率40.8%（95%CI 20.0-70.5）。摘出時、弁輪径は植込み前サイズに復していた**",—,× 国内未承認,あり（最重要）,"①Michigan 44%再介入、②De Paulis 2025 EHJ（De Kerchove/Schäfers共著）は内側リングを『限られた症例数と追跡でしか報告がなく、早期失敗はcusp組織の摩耗またはリングのdehiscenceに関連』と記述、③Girdauskas 2024は原法の『よくある合併症』を避けるための外部固定併用法を発表、④**CONTOUR trial（NCT06869954）でHAART 200 vs 二重外部リングをRCT比較中（n=100, 2025-2027）**",10.1016/j.jtcvs.2026.03.573
術中加圧可視化device（AVP）,3,E1,単施設24例（責任著者自身の開発品）,24例中22例で術後AI ≤grade 1。漏れ中央値90mL/分（IQR 60-120）。3例で追加調整、2例で弁置換（残存AI 330・260mL/分）,—,× 国内未承認,あり,見つからなかった（n=24・単群・対照なし＝E1。COI：シードEditorialの責任著者の製品が同Editorialで推奨されている）,10.1093/ejcts/ezad291
Ross手術（成人）,5,E4,RCT post hoc＋PSM 1:1:1＋メタ＋**EACTS expert consensus 2026**,"PSM 434×3、15年生存 Ross 93.1%（一般人口同等）vs 生体弁HR 0.42・機械弁HR 0.45。RCT post hoc 108例：25年生存83.0%（相対生存99.1%）・25年 再介入回避71.1%・自家弁再介入回避80.3%。自家弁不全は10-25年で10-30%。18歳モデルでは生涯 28.3 vs 23.5 QALY・費用 $54,233 vs $507,240（機械弁）","**低volume施設では周術期死亡がAVRの3倍**・学習曲線約75例・homograft入手性",△ 2016年4月に保険収載（K939-6 凍結保存同種組織加算 81,610点・患者負担なし・認定バンクとの契約で届出可）。障壁は償還ではなく供給＝国内提供数 年間約10例。JATS 2020の先天性Ross は16例,あり,"①Provost 2026（131例）：full support（Dacron内挿）は10年 中等度以上の自家弁AR 32.3% vs annular support 13.3% vs no support 11.1%（P=0.03）＝補強法によって害になる、②Chauvette 2022（466例）：脱細胞化肺homograft使用でも6年 homograft dysfunction 11±2%、③**2025 ESC/EACTS GLはRossに独立した推奨行を与えていない**（本文で『15年で15%が再介入』）",10.1093/ejcts/ezaf295
脱細胞化肺homograft（DPH, RVOT）,6,E3,単一群前向き20年・310例（2施設）,"死亡回避96.9%（CI 93.1-98.6）・explant回避85.2%（75.1-91.4）・心内膜炎回避91.0%＠20年。**しかし 圧較差≥50mmHg回避は15年68.3%→20年0%、≥中等度PR回避は15年65.1%→20年0%**（20年時点のat risk例数は限られる）",corlife社（Hannover発スピンオフ）依存・homograft供給,× 脱細胞化グラフトは国内未承認（凍結保存homograft自体は2016年4月保険収載済・K939-6）。原料供給は年間約10例,あり,"著者自身『弁機能は20年で着実に低下、残存免疫原性が原因と仮説』。Ebken 2021：脱細胞化homograftに対する既存抗体は18-25歳群で48-73歳群より有意に高い（個人差が10倍）",10.1093/ejcts/ezag087
脱細胞化大動脈homograft（DAH, AVR）,6,E3,ARISE 多施設前向き単一群144例＋registry 358例,"ARISE 5年：死亡回避97.9%・再手術回避93.5%・心内膜炎回避96.4%。ピーク圧較差中央値11.0mmHg。**registry全DAH 358例では再手術回避 5年92.4%→10年69.5%**。小児143例では10年 explant回避67.1%",corlife依存・小児では劣化が速い,× 国内未承認（凍結保存homograft自体は2016年4月保険収載済・K939-6）,あり（強い）,"①Squiers/Brinkman論評：10年69.5%は凍結保存homograftの過去成績と『きわめて整合的』、CryoLifeとの比較は小児30%混在で交絡、『同じ歌の別の節を聞いているのかもしれない』、②Helder 2016 JTCVS『脱細胞化allograftの晩期耐久性：警告』（Mayo）、③**著者自身が『現行のDAHの成績は当初の期待に達していない。完全な統合は確実には達成されていない』と明記し、機械弁vs Ross vs DAHのRCT申請がEUで不採択となったと報告**",10.1093/ejcts/ezae121
生分解性ポリマーconduit（Xeltis XPV）,7,E1,2試験 計18例（12+6）,"XPV-1 12例：24か月で外科的再介入0だが5例に prolapse由来の重度PR。XPV-2 6例：12か月で1例conduit交換、>mild PRは1例。Pivotal（NCT03022708, n=56）は2017年開始でACTIVE_NOT_RECRUITING、別試験NCT03405636はWITHDRAWN",設計反復が必要・製造,× 国内未承認,あり,"第1世代で12例中5例（42%）が重度PR。企業のパイプラインは弁から 透析シャント(aXess)・CABG(XABG)・PAD(XPAD)へ移動",10.3389/fcvm.2020.583360
自己組織化ハイブリッド生地（シンフォリウム）,7・10,E2,多施設単一群34例41部位・追跡中央値40か月,手術成功率100%・重篤有害事象なし（手技由来狭窄3件）,パッチであって弁ではない,○ **2023-07-11承認／2024-06-12発売**（大阪医科薬科大学＋福井経編興業＋帝人）,あり,見つからなかった（n=34・単群。ただし『世界で唯一の薬事承認済 in situ再生材料』という位置づけは事実）,10.1016/j.atssr.2024.04.020
ポリマー弁（Foldax Tria, 僧帽弁位）,7,E1,多施設単一群67例1年（インド8施設）,全死亡9.1%・血栓塞栓7.5%・脳卒中4.9%・SVD 0%・再介入0%・EOA 1.4cm²・平均圧較差4.6mmHg。**INR目標2.0-2.5の達成率は30日61.5%→1年95%。血栓・脳卒中は全例INR低値時**,ワルファリン必須・耐久性の証拠が1年,× 国内未承認。EFS（NCT03851068 大動脈/NCT04717570 僧帽）は米国で進行,あり,"①**抗凝固が不要にならない**（機械弁の欠点を残す）、②SVD 0%は1年では自明、③1年死亡9.1%は著者自身が『西欧の6.2%より高い』と認める",10.1016/j.jacc.2025.06.017
組織工学弁（ex vivo / in situ）,7,E0,大動物研究のsystematic review 80研究,"石灰化イベント率 全体35%（95%CI 28-43）。conduit部34% > 弁尖部21%（P=0.023）。**80研究のうち石灰化を報告していたのは55%のみ**。時間推移は植込み1か月以内に急増→1-3か月で低下→以後進行",ヒト臨床データがない・製造・規制,× 研究段階,あり,"石灰化は『生物学的弁の病理的合併症』として組織工学弁でも35%に発生。報告バイアスが大きく研究間比較が困難と著者らが明記",10.1016/j.jacbts.2022.09.009
Ozaki手術（AVNeo）,8,E2→E3,原典1,196例（2007-2021）＋メタ1,891例＋独162例,"1,196例：30日死亡1.7%・脳卒中2.6%・PPM 1.5%・10年 生存78%・再手術回避92%。平均圧較差 6か月7.4→10年8.2mmHg。**≥2+AR は0.30%→2.9%→6.6%（6か月→5年→10年）**。LV mass index 141→90 g/m²。メタ：再手術の51.5%が心内膜炎、心内膜炎 0.5%/患者年。独162例：5年 中等度以上SVD 9.82%・BVF 12.1%",自己心膜の採取・テンプレート技術の標準化,○ **保険適用（弁形成術）・指定施設70超**,あり,"①Prinzing 5年 BVF 12.1%、②再手術原因の半数が心内膜炎、③De Paulis 2025 EHJ：『cusp組織不足を心膜で補うと再手術を要する失敗が高率』（ただしOzakiは部分パッチではなく全弁尖置換）、④無作為化比較なし",10.1016/j.jacadv.2025.102156
抗凝固不要な機械弁（TRIFLO/Novostia）,1（補遺）,E1,FIH進行中,前臨床のみ公表。PILot Aortic Triflo Valve Study（NCT06119607, n=10, 2023-11開始・ACTIVE_NOT_RECRUITING）,設計検証・長期血栓性,× 国内未承認,あり,"ヒト成績は未公表。過去に『抗凝固不要』を謳った機械弁は実現していない。ただし本シードEditorialは機械弁の未来を一切論じていない＝この領域自体が盲点",10.3389/fcvm.2023.1220633
AIによる弁耐久性予測/repair planning,10,E0,—,**該当する臨床エビデンスは0件**（検索：AI/計算モデルで弁耐久性を予測し臨床転帰を改善した前向き研究）,—,—,あり,"『反証』ではなく『証拠が存在しない』。シードの6提言のうちこれだけが一次文献ゼロ",—
