n	chapter	title	pmid	journal	year	doi	pmcid
1	A. 総論・エキスパートコンセンサス・プログラム構築	The Society of Thoracic Surgeons Expert Consensus Pathway for Robotic Cardiac Surgical Training	41619927	Ann Thorac Surg	2026	10.1016/j.athoracsur.2026.01.003	
2	A. 総論・エキスパートコンセンサス・プログラム構築	Current state of the art and recommendations in robotic mitral valve surgery	35748726	Interact Cardiovasc Thorac Surg	2022	10.1093/icvts/ivac160	PMC9724768
3	A. 総論・エキスパートコンセンサス・プログラム構築	How to implement a clinical robotic mitral valve surgery program	36237591	Ann Cardiothorac Surg	2022	10.21037/acs-2022-rmvs-14	PMC9551378
4	A. 総論・エキスパートコンセンサス・プログラム構築	Developing Proficiency in Robotic Cardiac Surgery	39209092	Ann Thorac Surg	2025	10.1016/j.athoracsur.2024.07.049	
5	B. ポート配置・体位・展開・術前CT計画	Robotic mitral valve repair: patient positioning and port placement in male patients	40900082	Multimed Man Cardiothorac Surg	2025	10.1510/mmcts.2025.096	
6	B. ポート配置・体位・展開・術前CT計画	Robotic mitral valve repair: patient positioning and port placement in female patients	40900091	Multimed Man Cardiothorac Surg	2025	10.1510/mmcts.2025.097	
7	B. ポート配置・体位・展開・術前CT計画	Different styles in trocar placement in robotic-assisted beating heart coronary artery bypass grafting	39434974	Ann Cardiothorac Surg	2024	10.21037/acs-2023-rcabg-0209	PMC11491174
8	B. ポート配置・体位・展開・術前CT計画	Computed Tomography in Preoperative Planning of Minimally Invasive Valvular Heart Surgery: A Systematic Review of Mixed Evidence and Clinical Application	41904670	Eur J Cardiothorac Surg	2026	10.1093/ejcts/ezag101	
9	B. ポート配置・体位・展開・術前CT計画	Patient selection in robotic mitral valve surgery	41669182	Ann Cardiothorac Surg	2026	10.21037/acs-2025-dmv-0114	PMC12884179
10	B. ポート配置・体位・展開・術前CT計画	Robotic mitral valve surgery in the very thin patient: Tips and tricks	39991302	JTCVS Tech	2025	10.1016/j.xjtc.2024.10.001	PMC11845388
11	B. ポート配置・体位・展開・術前CT計画	Osteophyte of the first costochondral joint is a reliable landmark to facilitate standardized robotic left internal mammary artery harvesting	39991316	JTCVS Tech	2025	10.1016/j.xjtc.2024.11.004	PMC11845373
12	C. 訓練・シミュレーション・ラーニングカーブ	Simulation Training in Video-Assisted and Robotic-Assisted Cardiac Surgery: A Narrative Review	42188066	J Cardiovasc Dev Dis	2026	10.3390/jcdd13050180	PMC13207657
13	C. 訓練・シミュレーション・ラーニングカーブ	Examining the learning curves in robotic cardiac surgery wet lab simulation training	39786456	Interdiscip Cardiovasc Thorac Surg	2024	10.1093/icvts/ivae227	PMC11723529
14	C. 訓練・シミュレーション・ラーニングカーブ	Inexpensive and Easy to Set Up Robotic Cardiac Simulator Offers "Unlimited" Endoscopic Coronary Artery Bypass Grafting Experience: Proof of Concept	37753828	Innovations (Phila)	2023	10.1177/15569845231199997	
15	C. 訓練・シミュレーション・ラーニングカーブ	Development and Validation of a Low-Cost, High-Fidelity Simulation Model for Robotic Internal Mammary Artery Harvest Using the da Vinci Xi Robot	39473044	Innovations (Phila)	2024	10.1177/15569845241286012	
16	C. 訓練・シミュレーション・ラーニングカーブ	Suturing map for endoscopic mitral valve repair developed on high-fidelity endoscopic simulator	30192451	Multimed Man Cardiothorac Surg	2018	10.1510/mmcts.2018.038	
17	C. 訓練・シミュレーション・ラーニングカーブ	Defining the Learning Curve in Minimally Invasive Cardiac Surgery: A Systematic Review and Meta-Analysis	40886757	Ann Thorac Surg	2026	10.1016/j.athoracsur.2025.08.013	
18	D. 僧帽弁形成（MV repair）	Robotic mitral valve repair: The steps to success	38152222	JTCVS Tech	2023	10.1016/j.xjtc.2023.08.023	PMC10750819
19	D. 僧帽弁形成（MV repair）	Tricks and tips to facilitate robotic approach for mitral valve repair	38152209	JTCVS Tech	2023	10.1016/j.xjtc.2023.09.020	PMC10750885
20	D. 僧帽弁形成（MV repair）	Complications and their management in robotic mitral valve surgery from the surgical assistant's perspective	36237594	Ann Cardiothorac Surg	2022	10.21037/acs-2022-rmvs-15	PMC9551371
21	D. 僧帽弁形成（MV repair）	Safeguards and pitfalls in minimally invasive mitral valve surgery	24349995	Ann Cardiothorac Surg	2013	10.3978/j.issn.2225-319X.2013.07.26	PMC3857050
22	D. 僧帽弁形成（MV repair）	Tackling MAC and other complex mitral valve repair scenarios through the lens of robotics	41669170	Ann Cardiothorac Surg	2026	10.21037/acs-2025-dmv-0164	PMC12884175
23	D. 僧帽弁形成（MV repair）	Two decades of experience with robotic mitral valve repair: What have we learned?	38835581	JTCVS Tech	2024	10.1016/j.xjtc.2024.01.014	PMC11145349
24	D. 僧帽弁形成（MV repair）	Robotic mitral valve repair: quadrangular resection and bidirectional sliding valvuloplasty	41114561	Multimed Man Cardiothorac Surg	2025	10.1510/mmcts.2025.114	
25	D. 僧帽弁形成（MV repair）	Robotic mitral annuloplasty using a semi-continuous three-suture technique with a flexible band	40931770	Multimed Man Cardiothorac Surg	2025	10.1510/mmcts.2025.099	
26	D. 僧帽弁形成（MV repair）	Subvalvular techniques enhanced with endoscopic robotic mitral valve repair	38152165	JTCVS Tech	2023	10.1016/j.xjtc.2023.08.019	PMC10750495
27	D. 僧帽弁形成（MV repair）	Circumflex Coronary Artery Injury during Modern Mitral Valve Surgery-A Review of Current Concepts and Perspectives	37629762	Medicina (Kaunas)	2023	10.3390/medicina59081470	PMC10456639
28	D. 僧帽弁形成（MV repair）	Control of Port Site Bleeding With Liberal Use of Catheter Balloon Tamponade in Robotic Mitral Valve Surgery	40913323	Innovations (Phila)	2025	10.1177/15569845251365733	
29	E. 大動脈弁（AVR）	Lateral access fully robotic aortic valve replacement "RAVR": from novel to normal	40547427	Ann Cardiothorac Surg	2025	10.21037/acs-2025-ravr-0049	PMC12177761
30	E. 大動脈弁（AVR）	Lateral approach in robotic aortic valve replacement: optimizing visualization from the orient and down under	40547428	Ann Cardiothorac Surg	2025	10.21037/acs-2024-ravr-0184	PMC12177762
31	E. 大動脈弁（AVR）	Robotic endoscopic aortic valve replacement with rapid deployment valve: technique and outcomes	40547426	Ann Cardiothorac Surg	2025	10.21037/acs-2025-ravr-10	PMC12177755
32	E. 大動脈弁（AVR）	Robotic aortic valve replacement and aortic root enlargement for optimal prosthesis selection	40547430	Ann Cardiothorac Surg	2025	10.21037/acs-2024-ravr-0183	PMC12177764
33	E. 大動脈弁（AVR）	Robotic aortic valve replacement with simultaneous ventricular septal myectomy: a minimally invasive solution	40547425	Ann Cardiothorac Surg	2025	10.21037/acs-2024-ravr-0186	PMC12177758
34	E. 大動脈弁（AVR）	Longitudinal outcomes following international multicentre experience with robotic aortic valve replacement†	40131409	Eur J Cardiothorac Surg	2025	10.1093/ejcts/ezaf103	
35	F. 冠動脈（TECAB / MIDCAB）	How to perform distal anastomosis using a robotic platform: totally endoscopic coronary artery bypass	39157189	Ann Cardiothorac Surg	2024	10.21037/acs-2023-rcabg-0211	PMC11327406
36	F. 冠動脈（TECAB / MIDCAB）	Exposure technique for the circumflex artery territory in robotic totally endoscopic coronary artery bypass grafting	39434978	Ann Cardiothorac Surg	2024	10.21037/acs-2023-rcabg-12	PMC11491181
37	F. 冠動脈（TECAB / MIDCAB）	How to advance from minimally invasive coronary artery bypass grafting to totally endoscopic coronary bypass grafting: challenges in Europe versus United States of America	39434975	Ann Cardiothorac Surg	2024	10.21037/acs-2023-rcabg-0210	PMC11491180
38	F. 冠動脈（TECAB / MIDCAB）	Robotic-assisted coronary artery bypass grafting: how I teach it	39157180	Ann Cardiothorac Surg	2024	10.21037/acs-2024-rcabg-0033	PMC11327414
39	F. 冠動脈（TECAB / MIDCAB）	Step-by-step technique of robotic-assisted minimally invasive direct coronary artery bypass	39434973	Ann Cardiothorac Surg	2024	10.21037/acs-2024-rcabg-0034	PMC11491183
40	F. 冠動脈（TECAB / MIDCAB）	Bilateral internal thoracic artery grafting in robotic beating-heart totally endoscopic coronary artery bypass: 10-year outcomes	39157183	Ann Cardiothorac Surg	2024	10.21037/acs-2024-rcabg-0016	PMC11327409
41	F. 冠動脈（TECAB / MIDCAB）	Robotic multi-vessel off-pump totally endoscopic coronary artery bypass (TECAB) procedure: surgical technique	42232265	J Vis Surg	2025	10.21037/jovs-25-15	PMC13225059
42	F. 冠動脈（TECAB / MIDCAB）	Lessons learned from robotic-assisted coronary artery bypass surgery: risk factors for conversion to median sternotomy	23274864	Innovations (Phila)	2012	10.1097/IMI.0b013e31827e7cf8	
43	G. Others（ASD・心房腫瘍／不整脈・LAA・リード／三尖弁・再手術）	Robotic repair of atrial septal defect: Pre-groove vertical right atriotomy approach	39669348	JTCVS Tech	2024	10.1016/j.xjtc.2024.05.022	PMC11632338
44	G. Others（ASD・心房腫瘍／不整脈・LAA・リード／三尖弁・再手術）	Robotic myxoma resection using an ultrasonic aspirator system	39991301	JTCVS Tech	2025	10.1016/j.xjtc.2024.10.005	PMC11845353
45	G. Others（ASD・心房腫瘍／不整脈・LAA・リード／三尖弁・再手術）	Robotic-assisted left atrial appendage occlusion	39196272	Multimed Man Cardiothorac Surg	2024	10.1510/mmcts.2024.065	
46	G. Others（ASD・心房腫瘍／不整脈・LAA・リード／三尖弁・再手術）	Speech bubble sign - insights regarding incomplete left atrial appendage closure via electrocardiography-synchronized computed tomography in robotic surgery cases	41134183	Interdiscip Cardiovasc Thorac Surg	2025	10.1093/icvts/ivaf172	PMC12620637
47	G. Others（ASD・心房腫瘍／不整脈・LAA・リード／三尖弁・再手術）	Robotic-Assisted Epicardial Hybrid Ablation and Left Appendage Closure in Persistent Atrial Fibrillation: First European Experience	38541788	J Clin Med	2024	10.3390/jcm13061563	PMC10971541
48	G. Others（ASD・心房腫瘍／不整脈・LAA・リード／三尖弁・再手術）	Totally endoscopic, robotic-assisted tricuspid valve repair and biatrial CryoMAZE	38167378	Multimed Man Cardiothorac Surg	2024	10.1510/mmcts.2023.074	
49	G. Others（ASD・心房腫瘍／不整脈・LAA・リード／三尖弁・再手術）	Safety and Outcomes of Reoperative Robotic Tricuspid Valve Surgery	39267356	Innovations (Phila)	2024	10.1177/15569845241273552	
50	G. Others（ASD・心房腫瘍／不整脈・LAA・リード／三尖弁・再手術）	Redo mitral valve surgery: A totally endoscopic, robotic-assisted approach for adhesiolysis and complex repair	36367136	Multimed Man Cardiothorac Surg	2022	10.1510/mmcts.2022.061	
51	G. Others（ASD・心房腫瘍／不整脈・LAA・リード／三尖弁・再手術）	Robotic endoscopic transmitral septal myectomy and concomitant mitral valve repair for hypertrophic obstructive cardiomyopathy	37314292	Multimed Man Cardiothorac Surg	2023	10.1510/mmcts.2023.025	
52	H. 展望（次世代機・遠隔・AR/AI）	Single-Port Robotic-Assisted Epicardial Lead Placement for Cardiac Resynchronization Therapy	42027540	Ann Thorac Surg Short Rep	2026	10.1016/j.atssr.2025.09.039	PMC13100718
53	H. 展望（次世代機・遠隔・AR/AI）	First Case of Bilateral Internal Mammary Harvesting on a Human Cadaver Using the hinotori™ System	41622650	Innovations (Phila)	2026	10.1177/15569845251408012	
54	H. 展望（次世代機・遠隔・AR/AI）	Robotically assisted internal mammary artery harvesting-will single-port systems be useful?	38845068	Interdiscip Cardiovasc Thorac Surg	2024	10.1093/icvts/ivae107	PMC11165269
55	H. 展望（次世代機・遠隔・AR/AI）	Augmented and Mixed Reality in Cardiac Surgery: A Narrative Review	41682905	J Clin Med	2026	10.3390/jcm15031224	PMC12898313
